,id,target
0,gL5fWrgNPU.jpg,0
1,KKWXJDN8uM.png,1
2,Wb2I0CXlAY.jpg,0
3,G7PLhKpaf7.jpeg,1
4,DEUkeefz6Z.jpg,0
5,enth8MGCce.jpg,0
6,hG9nlBfDeh.png,1
7,Re69C5wIs7.jpg,0
8,fsCx46u0Bq.jpg,0
9,yEi4q3wAJS.jpg,0
10,37dJN143sv.jpeg,1
11,4kFCSwK4qC.jpg,0
12,QMfvOW4uDQ.jpg,0
13,CJGLVztRU0.jpg,0
14,7hYYE7iSad.jpg,0
15,fiHQrVWkVd.jpg,0
16,E8uQEn4Nq6.jpg,0
17,yfe3s8ohsH.jpeg,1
18,5Fpigyt9lT.jpg,0
19,WWMrhhP8GG.jpg,0
20,2NE1j1CPmQ.jpg,0
21,EFDbPdC2CP.jpg,0
22,Evdusx0Cel.png,1
23,jsCvbsKj7U.png,1
24,0yJSxuIRUz.jpg,0
25,ZoV6leWOJ5.jpeg,1
26,vETyQwAoLo.jpg,0
27,up31h8HYKk.png,1
28,8mtNcVjofj.png,1
29,oIBb6MhEJJ.jpg,0
30,ntmqRqFrQq.jpg,0
31,2J0b7E43b7.jpg,0
32,4Nky9ffHOD.jpg,0
33,6gRgOClQ4I.jpg,0
34,YoxRXzmmn1.jpg,0
35,pxG46UbOAm.jpg,0
36,YuqZuU3HK3.jpg,0
37,EZcegF8TCU.png,1
38,BfDz2FjZVb.png,1
39,ijLTtWNXDD.jpeg,1
40,l4KmnZ9tnO.jpg,0
41,W76k9O0rH6.jpg,0
42,o5fPB8HvlT.jpg,0
43,h35NO3HpVF.jpg,0
44,nkdfnIwTRQ.jpg,0
45,VMRK86MsxW.jpg,0
46,L387jinfLX.png,1
47,ugiledmWeE.jpg,0
48,1Q2t43zBFt.jpeg,1
49,6m0W7EHnW3.jpg,0
50,Nr7zyMgpm1.jpg,0
51,URlSmSYlJK.jpg,0
52,kW9rKeLrH9.jpg,0
53,jsHQjucRoh.jpeg,1
54,5EkqDv1B40.jpg,0
55,vNBUobM5pi.jpg,0
56,DgcFF2JtAZ.jpg,0
57,vSObUkFbeQ.jpg,0
58,loxmLg4o7R.jpg,0
59,Zv9n5TUHgn.jpg,0
60,Y52AxkIcaq.png,1
61,dZ5lpIpnkS.jpg,0
62,8zxm1spQ6f.png,1
63,7X0wmQ6C64.png,1
64,ZgQM6NxSOy.jpg,0
65,zYXTb2N8ng.jpg,0
66,0u6xl8a5cQ.jpg,0
67,0Y1MAVdEa5.jpg,0
68,TnOHYZiXgV.png,1
69,UtXXEkGBnS.jpg,0
70,3SzvQ6t05E.jpg,0
71,cCLa4CSChV.jpg,0
72,w6KtQ2UmF6.jpg,0
73,WVIRQDeOxd.jpg,0
74,tkov1HKkXy.png,1
75,enfzBlJ1MX.jpg,0
76,hC57WI2b5h.jpg,0
77,D73gvWKIv0.jpg,0
78,iFjOv5YePD.jpeg,1
79,grytDsUbVt.jpg,0
80,IWVpYha3Hb.jpeg,1
81,goV7r5mpeL.jpg,0
82,HB2iZDv8M5.jpg,0
83,LVr2HyD1Ue.jpg,0
84,TWbUZnNsFe.jpg,0
85,PiI2Ja3SzB.png,1
86,XRfIBRyVPV.jpg,0
87,Pir1XuSG5O.png,1
88,Tj2J1aEVHE.jpg,0
89,gUHpqaoPju.jpg,0
90,wuOKS38GC7.jpg,0
91,4WttkkfYoD.jpg,0
92,mRpLgLSR1y.jpg,0
93,FTw92FA8v2.jpg,0
94,7AxQLtt6Ow.jpg,0
95,bhnTmkIupz.png,1
96,9gDL4WuhiP.png,1
97,LYAnTpaNCX.jpg,0
98,dweHB5WD2A.jpg,0
99,nCnUACoyVb.jpg,0
100,TkFl08lXhX.jpg,0
101,RGqtcrfndS.jpg,0
102,L9MDiLU9gt.jpg,0
103,6vaCYByR7X.jpg,0
104,OHdJHQ2mv0.jpg,0
105,nx4xO098zU.jpeg,1
106,LGpYu8rpXI.jpg,0
107,f0wV29dsKs.jpg,0
108,cFHzVWjwaN.jpg,0
109,noHUCtcMzE.jpg,0
110,Di2YIrn7By.jpg,0
111,OskXDhDTRl.jpg,0
112,uumU3KsS5A.jpg,0
113,nHZeXabOJ8.jpeg,1
114,eKsy6tieJT.jpg,0
115,bA59ZmbX8n.jpeg,1
116,XHEOL44Cs0.png,1
117,mQDtNGPWsP.jpg,0
118,1XYrQEuyC2.jpg,0
119,DXXclBqhgi.jpg,0
120,6zRyBCHrY9.jpg,0
121,erbYsFaVFQ.jpg,0
122,VRqeuVUT07.jpg,0
123,zhUA2o5VCK.jpg,0
124,DK8BKR8FVw.jpg,0
125,MxXBah5wjv.jpg,0
126,MOe2Ef0ovm.jpeg,1
127,GYKqyj0eOA.jpg,0
128,XfoWNuS5h1.jpg,0
129,jFHjcRbY6g.png,1
130,3les7iu9tF.jpg,0
131,MxFjIcw7JM.jpg,0
132,RekQa0ujSU.jpg,0
133,Lm8FVWo7zY.jpeg,1
134,rnam2h4Po7.jpeg,1
135,kQi4qhViVx.jpg,0
136,1q6oCmvcu3.jpg,0
137,obK7nYih7d.jpg,0
138,vlX8a3akCQ.jpg,0
139,y3KB4fT9gI.jpg,0
140,G8TmIU0ZoA.jpg,0
141,tIdqUq0C7P.jpg,0
142,xzm6TZFU04.jpg,0
143,najyKyYdcD.jpg,0
144,tC4KBp75fu.jpg,0
145,DFGCdNhYcI.jpg,0
146,mf4ZrocvtE.jpg,0
147,suxUWOORfi.jpg,0
148,leaKPe3MTQ.jpeg,1
149,rgizk9GxDS.png,1
150,tSpFPNKtKm.jpg,0
151,YyYfqig8Tx.png,1
152,FqGvdw8oHL.jpg,0
153,SWJPmWsog8.jpg,0
154,VKUFLao8T6.jpeg,1
155,iHAWY2zHao.png,1
156,PHS0lHivln.jpg,0
157,u1h2ec23m2.jpg,0
158,gQ3jhTWAi4.png,1
159,tWDxYf5p6g.jpg,0
160,nUZdQxaVq7.png,1
161,ViPjW6uNay.jpeg,1
162,fu6CS5cke1.jpeg,1
163,Fchyh4AyBh.png,1
164,0XbpHcAqVo.jpg,0
165,8ms202sbDT.png,1
166,LncJmAZWIV.jpg,0
167,zms4pGcmAp.jpg,0
168,TevFHDsqVC.jpg,0
169,YlCdNDMb6z.jpg,0
170,ToBJnsMRaP.jpg,0
171,26uRI1HzsF.jpeg,1
172,x9HSXkhtQI.jpeg,1
173,uSQl510nHj.jpg,0
174,WbO0YH0Lac.jpg,0
175,CZKEnKo5V4.jpg,0
176,HAg00ysJcR.jpg,0
177,Qa1eOiaoli.jpg,0
178,NiKtQgi4SL.jpg,0
179,rMjkx1xgei.png,1
180,E2QQEUxSV3.png,1
181,vJFgJfGqEQ.jpg,0
182,XDT71Ehjua.jpg,0
183,xv99gYwP9S.jpg,0
184,UZ6zpNjReq.png,1
185,VIk9kzAXfq.jpg,0
186,H3UD7PjvXF.jpeg,1
187,fAgib6zS5n.jpg,0
188,DOP1nohfMI.jpg,0
189,QMXcln144D.jpg,0
190,LCukQGReGg.jpg,0
191,2PdbqpDqSf.jpg,0
192,oCoaNvfhwB.jpg,0
193,T0629OnEXa.jpg,0
194,Od3xtJ6dNP.png,1
195,JJKQkwhnAS.png,1
196,4e1W3vSwyN.jpeg,1
197,MnwUx6wm9M.jpg,0
198,vgxjsxFggl.jpg,0
199,EvVWUnSGYM.jpg,0
200,4cxngwaGVc.jpg,0
201,dc9pKfvjbO.jpg,0
202,Bp4gFQm9BU.png,1
203,nBLXr0iIqA.jpg,0
204,YaDv6D8M00.jpg,0
205,Rybbz13ysJ.png,1
206,7q688jrq8M.jpg,0
207,gR44INRzCL.jpg,0
208,F7JOSan6WN.jpg,0
209,MWapNx0vq4.jpg,0
210,Ez8Txn1gPY.jpg,0
211,1SpY0mm8ER.jpg,0
212,edncsqQGsw.jpeg,1
213,VNt5dGy0N4.png,1
214,d3RNSxzTU8.png,1
215,NwX7WLvgBf.png,1
216,xEz6cKegdc.jpg,0
217,hmNwWBFTEs.jpg,0
218,FAAsaOPlL4.jpg,0
219,NPTyBeVkKj.png,1
220,z2FA0VNrQS.jpg,0
221,NfPOGkITBj.jpg,0
222,tpZbMox9oy.jpg,0
223,F7rwT5OHn3.jpg,0
224,hTHqG8ly5d.png,1
225,x7I3tsIq5c.jpg,0
226,qCQKFpu5Kr.png,1
227,2WyeWbaZ2z.jpg,0
228,HhLJ7jjz0L.png,1
229,EYATb5nQmN.jpg,0
230,0fNsR1ONLv.jpg,0
231,zIEiHVrQqr.jpg,0
232,WVu9iIMd7W.jpg,0
233,MBSfkIFIAY.jpg,0
234,PT35KqArdV.jpeg,1
235,HOPKFDohq6.png,1
236,wN3edurSXP.jpg,0
237,UyatX5fY4Z.jpg,0
238,wmSnKh8zcp.png,1
239,4u6PvHNe5m.jpg,0
240,eZj3X9msL8.jpg,0
241,MxJT9m7WoJ.jpg,0
242,FZJGlq9vca.jpg,0
243,EQl749H1CE.jpeg,1
244,T9fXjUnowa.jpg,0
245,2DyW9FinC8.jpg,0
246,cYRd8kbFdB.jpg,0
247,5gCiAjww21.jpg,0
248,EF4R5smXyM.jpg,0
249,PBq2zBnyUO.jpeg,1
250,ukdZTFs7vA.jpg,0
251,Pceu9djjoa.jpeg,1
252,TGOI46jQzW.jpeg,1
253,2gmekWzqM7.jpg,0
254,mjLp4pk6QQ.jpg,0
255,kGRQh7SCgk.jpg,0
256,YbtiC2Mq0z.jpg,0
257,D3QkSqB8EO.jpg,0
258,KLUopMu1Kq.jpg,0
259,WCJ6qo4EkC.jpeg,1
260,MBExjhd7Gb.jpg,0
261,b66TGf2GJN.jpeg,1
262,GrPinnU3x8.jpg,0
263,5vcMFiT4Ar.jpg,0
264,YncIKJzlef.jpeg,1
265,YylDFQDS2Z.jpg,0
266,BE45GnGyX0.png,1
267,3fJDlsTnHO.jpg,0
268,0XftCQbfAl.jpg,0
269,gHRy7yguni.jpg,0
270,WIF4cYvBMH.jpg,0
271,LZmGmuJccG.jpg,0
272,eh5TikQuUC.jpg,0
273,VgzrF1e3rJ.jpg,0
274,YV7CIiiNTh.jpeg,1
275,wDFR4zzxDn.jpeg,1
276,ZSRLIHuhsH.png,1
277,YwU4iTfxo8.jpeg,1
278,m7fwe0t23b.png,1
279,jZgC3H9Oq3.png,1
280,7dBpO21kDC.jpeg,1
281,NOCwP1eEf0.png,1
282,1OgCiZOms8.jpg,0
283,KYfswZLE5F.jpg,0
284,C2s5gftT40.jpeg,1
285,2AVArjK8qq.jpg,0
286,ONqK074JI8.jpg,0
287,sRGNehnZf2.jpg,0
288,A6MWl9m7VU.jpeg,1
289,YElcD45nqg.jpg,0
290,UsbFbfEch8.jpg,0
291,taY8zYm1Vw.jpg,0
292,DAKeCXgkB5.png,1
293,pnLQXJ88VD.jpg,0
294,vlFPIY8Vx7.jpg,0
295,wgTo1DUCf6.jpg,0
296,mUaIdA2oBP.png,1
297,YHuyPrD9BZ.jpg,0
298,KcBuDaKBp9.png,1
299,v69Xk6ipWU.png,1
300,2ICWZYWOAj.jpg,0
301,mtGDHzTMZ3.jpg,0
302,e4sZPgO0NN.jpeg,1
303,dBLGQ6Olza.png,1
304,N8b9njQlJX.jpg,0
305,gbukn9kH0l.jpeg,1
306,FE7c5H2MUy.png,1
307,wIGgZdCDq5.png,1
308,fsUQ3bxpaa.jpg,0
309,Ma1bdPDg8C.jpeg,1
310,BI0dljMdes.png,1
311,47apyfkXUs.png,1
312,fzjDbmfHV9.png,1
313,XJ6DkpjFHi.jpg,0
314,hC6nC6TUHI.jpg,0
315,zlskYihnhe.png,1
316,xcYKRbOrYE.jpg,0
317,G8bEbt2UtN.jpg,0
318,5Mk5pJbr6T.png,1
319,bxrwB7MZOe.jpeg,1
320,MBvR6aiYYZ.png,1
321,nkdvHPFagq.jpg,0
322,EmpscbDzTx.jpg,0
323,HAYIytUk78.jpg,0
324,3O56VrWTiW.jpg,0
325,CcwpJcVCch.jpg,0
326,otmayj0arQ.jpg,0
327,cOMTanIs5k.jpg,0
328,nch7yxF3lI.jpeg,1
329,4CTRMzDhq9.png,1
330,GFwHUhyK5j.jpg,0
331,e8aG99OkLp.jpg,0
332,vGooQo9s0q.jpeg,1
333,zdhfR1xFqw.jpg,0
334,3YMwaR2miM.jpeg,1
335,JrzrVJyZW7.png,1
336,NBk591Rv7Y.jpg,0
337,ooOGIvSdYG.jpg,0
338,R4fwGxv6J6.jpeg,1
339,NqKBCusTT7.jpeg,1
340,vjd0FDSRNQ.png,1
341,F8v6kfpw2w.jpg,0
342,tfCkEXFi4A.png,1
343,x6ZV4ldFHN.jpg,0
344,4J78we7DXs.jpg,0
345,dgVmH49lL4.png,1
346,nRN0EqtkTC.jpg,0
347,kx1uMZi0Ru.jpg,0
348,gTEzFTFJgr.jpg,0
349,fTkVum7jlA.png,1
350,NocroQaKBz.jpg,0
351,DdghPHi5I7.jpg,0
352,xZMbkaJjau.jpeg,1
353,2hDg6Ch6Lq.jpg,0
354,ezWE0A1Xav.jpeg,1
355,kBMVJOX2qK.png,1
356,3T9AhK4kL7.jpg,0
357,lKekKSEByN.jpg,0
358,NoYKQpIabj.jpg,0
359,0bAvf1FcUP.jpeg,1
360,QQNeJQgViQ.png,1
361,JhEeizwPgU.png,1
362,6JZd5lQtWJ.jpg,0
363,Xu5A7v83eL.jpg,0
364,Bz9B9jORec.jpeg,1
365,XzXIEkjV8O.jpg,0
366,l8wNkOkwW4.png,1
367,cycwIcNK4L.jpeg,1
368,DbPIYLUK4g.png,1
369,ZIV8sRrdx6.jpg,0
370,n48BfEKsJR.jpg,0
371,7AfxioqHeM.jpg,0
372,Up2jZT6q5q.jpg,0
373,CSxnD5UJog.jpeg,1
374,r7VWCCeGDC.jpeg,1
375,wutCTeTrHB.jpg,0
376,4AgvOIFLXb.jpg,0
377,DHT36imilD.jpeg,1
378,eiS6n5TjLe.png,1
379,ZzMdhgsWr6.jpg,0
380,niMGxM8yd0.jpeg,1
381,5bg53Vy0DI.png,1
382,uJEZxROH3V.jpg,0
383,3CwnBMp1Gw.jpeg,1
384,dhD3s1acTB.jpg,0
385,6pIT0CMb4Y.jpeg,1
386,7nsMqXTbX4.jpg,0
387,YcfAB7kP6i.jpg,0
388,y7FJJHZkxa.jpg,0
389,WIW6YbGhg0.jpg,0
390,mf3efwRMSe.jpg,0
391,fwxbex5FmS.jpg,0
392,4MrAeXsHPf.jpeg,1
393,KwvLRYpJhZ.jpg,0
394,zYYEnUERZG.jpg,0
395,rrz0cIEuFz.jpeg,1
396,81fYSCX8aA.jpeg,1
397,2r4ufNjgq9.jpg,0
398,MYFfhV24FA.jpeg,1
399,x2LLfWdmJH.jpg,0
400,4ctMlSzRfJ.jpg,0
401,WIENv6ESah.jpg,0
402,YAVOMKEZxo.jpg,0
403,UR7bPX0LOu.jpg,0
404,yoW9cFUce0.jpeg,1
405,2uHjr9R2CS.jpg,0
406,WLD2maLBoV.jpeg,1
407,6wVEKOgx5g.jpg,0
408,Ge321Wnwfp.jpg,0
409,KLXI9xe7Ot.jpg,0
410,tpKJy4JPml.jpg,0
411,Swh4hQbQo8.png,1
412,fipytQUUPt.jpg,0
413,VtpwgLvFMY.jpg,0
414,soneDMrjUX.jpeg,1
415,4gaJXSHrCV.jpg,0
416,cEpw2tm7LT.png,1
417,UgTUPO6F0W.jpg,0
418,Vtmc2ZLAJW.jpg,0
419,CdIlJWiX8S.png,1
420,g3QOAfo6TY.jpg,0
421,uR8Ej5Yw4i.png,1
422,uu8H2Puibk.jpg,0
423,Evqceu1tnm.jpg,0
424,aKsfVoc5Qo.jpg,0
425,sVex9bzrUw.png,1
426,v1ExpsgjDG.jpeg,1
427,TXWcXsPSLs.jpg,0
428,yqnYmfrOgr.jpg,0
429,GPB1ne0XeA.jpg,0
430,0OOMZGDyV8.jpg,0
431,WkanuO6ny2.jpg,0
432,c27aB9lHNS.png,1
433,s8iAuIFmLY.png,1
434,oIntzlQ3js.jpg,0
435,J3KSrDigpT.jpeg,1
436,ZurgHMoqmt.jpg,0
437,WoS4Ne6GxE.jpg,0
438,tq2119hes4.jpg,0
439,FASK8TSKki.jpg,0
440,7RN02zxfpW.jpeg,1
441,DO7jQXQESW.jpg,0
442,On7rk04wae.jpg,0
443,5EzpRPkVAH.jpg,0
444,ojsXV9Yui7.jpg,0
445,m9GlU31a6C.jpg,0
446,e5iSJZXKyZ.jpg,0
447,UMOi3lMlXH.jpeg,1
448,dqJ88mu8Ej.jpg,0
449,nHUTP7JgYL.png,1
450,yRm8fA6wAk.jpg,0
451,07aHL0dVg4.jpg,0
452,pWLH4oXpBg.jpg,0
453,TDXFRPkZXr.jpg,0
454,jBytvvEIoy.png,1
455,NZKVK8Nb4K.jpg,0
456,GrTnP1vncB.jpg,0
457,MeJS2IC3AI.jpg,0
458,mWBhA3refG.jpg,0
459,lPfeFwbdSv.jpeg,1
460,XfaefzUunK.jpg,0
461,L8vBwzcXhG.jpg,0
462,FOruNYjiy2.jpeg,1
463,o1SKe3qWNM.jpeg,1
464,Xp6l1pX4im.jpeg,1
465,1moHNtvo2X.jpg,0
466,eq1rRpthvi.jpeg,1
467,2YpxYAiD28.jpg,0
468,7mbuYSlfnk.jpg,0
469,eBjCVSjX9p.jpg,0
470,yzNFvptYpa.jpg,0
471,D3lzcxKp2o.jpg,0
472,tSqqwFBcmM.jpg,0
473,PRNeuSQb0B.jpg,0
474,u0VGOtTP7m.jpeg,1
475,ub5lVsjAxx.jpg,0
476,TaNYnes6Xw.jpeg,1
477,N9Wa9vx2Hh.jpg,0
478,mABqmL54g2.png,1
479,NogwPuLzK2.jpg,0
480,NGPuyFn7Vc.jpg,0
481,xl7F1hNI4E.jpg,0
482,yvAfSplUzZ.jpg,0
483,Eq3inyblBg.jpg,0
484,YIgki0FyHJ.jpg,0
485,JJvS6dZ3zb.png,1
486,Dr83SgH2lg.jpg,0
487,NBjPX9ZMwy.jpg,0
488,d8rIVmv0JI.jpg,0
489,hQ44uMNjUv.png,1
490,Cmw7rc30im.jpeg,1
491,8ROgfsos0n.jpeg,1
492,w1FO6Q72e6.jpeg,1
493,9OypeSAszh.png,1
494,7hj67V0D5I.jpg,0
495,lRo0zTx8q8.jpg,0
496,Lc3kstVpqa.png,1
497,cBIQQR8weS.jpg,0
498,uS8D3A2MM2.jpg,0
499,7lJVBVWVJt.png,1
500,WeXQa3x0RV.jpg,0
501,QM1NN1CTJA.jpg,0
502,UwJoB9RDq8.png,1
503,UC6SOqGSWS.jpg,0
504,WLDMahUSNv.jpeg,1
505,zOxWeKCHjt.jpg,0
506,3c6hD5l7v5.jpg,0
507,FUFLxDNb5l.jpg,0
508,Z6VytDZI9O.jpg,0
509,lAIVaYRO0p.jpeg,1
510,01SPjdJuM4.jpg,0
511,HhKYUUrQoQ.jpeg,1
512,2JIT8z2E5o.jpg,0
513,60vlAeIWzQ.jpeg,1
514,lBpAMEkYNX.jpg,0
515,MG6wkm5NpZ.jpg,0
516,l9iQJNNUPZ.jpg,0
517,OQ35cuCZTR.jpg,0
518,Kdh2dpXgzH.jpg,0
519,mMtnFWnHqV.png,1
520,YC74CENUBg.png,1
521,woxD88YuKw.jpg,0
522,JlmVBYwCI0.jpeg,1
523,OjINF5uRTi.jpg,0
524,Edgx1A9Ojx.jpg,0
525,fdoXFjIp4W.jpeg,1
526,GYY8zKsOeR.jpg,0
527,4M57bqn74c.png,1
528,P4mY8XMKem.png,1
529,eAxkXjgy3G.jpg,0
530,gBZaMCWlBH.jpg,0
531,4gs1qXgRcE.jpg,0
532,dVnE6Pp4Sg.jpg,0
533,FAAdmGG4mu.jpg,0
534,ZfytDIZtJO.jpg,0
535,P5mHVyV1DV.png,1
536,U65B8xP9lr.jpg,0
537,sSsAdmVolf.jpg,0
538,zzwDJdiirR.jpg,0
539,foc9dLx6I4.jpg,0
540,vJrycOePez.jpg,0
541,vWs15HdWqy.jpg,0
542,6XVjD9VLVE.jpg,0
543,XD74mGRajw.jpg,0
544,wkUiWhqJyO.jpg,0
545,SwmppnDnFv.jpeg,1
546,mC2ZddtooT.jpg,0
547,eS63TmKPPg.jpeg,1
548,1zbJmNnEVA.jpg,0
549,h9j4Oc7vec.jpeg,1
550,tKthGvKmQE.jpeg,1
551,WLAsVwaNJs.png,1
552,FwT2xNHKUS.jpg,0
553,MQTylKZBs3.jpg,0
554,nD9czbqX0U.jpg,0
555,4cf5NX7gls.jpg,0
556,NV2OhzjYQg.jpg,0
557,6NuC0ZS5fq.jpg,0
558,mpZG4yKb9S.jpg,0
559,MUqhLEI2B3.png,1
560,Yofyv0jWhh.jpg,0
561,xbVqCq4mqB.jpg,0
562,sRHyraeIRW.jpg,0
563,1vt2wUUltu.jpeg,1
564,tkycfNGsFd.jpg,0
565,DcSippvzJd.jpeg,1
566,ZNIPP4xfqx.jpg,0
567,KLbpbsGIeJ.jpg,0
568,ypBqA2K8M8.jpg,0
569,XWaH9WTByK.jpg,0
570,Oh2L5PhdJe.jpeg,1
571,ofexiCPTVr.jpg,0
572,eVopMIgNuG.jpg,0
573,naihyF7uAd.jpg,0
574,tpLtfXAyYL.jpg,0
575,K8GQYIaW8H.png,1
576,eQBdpYbMBf.jpg,0
577,fZLTgs2fMF.jpg,0
578,IP3Bg8LLWW.png,1
579,vfsjoHzyPZ.jpg,0
580,3l0Kznxy3p.jpg,0
581,GlCM46RGQ0.jpg,0
582,7lNflHcwNw.jpeg,1
583,5Iy7sU1pwC.jpg,0
584,s5FeMl873f.png,1
585,mnxn1ev8T6.png,1
586,H37EPbVtv9.jpg,0
587,d6u94U7F5R.png,1
588,syKQzOWVCY.jpg,0
589,nR4yq7E0SV.jpg,0
590,G2XnbQ9OFg.jpg,0
591,d4zuEuAK29.jpg,0
592,lyJBa6OKLn.jpg,0
593,YuIhtt5Ckh.jpg,0
594,vNmGmgOuv1.jpg,0
595,4ne2OyoWkB.jpeg,1
596,6Nq1zPhhAX.jpeg,1
597,Ssmq7p5F7F.png,1
598,WRNIGbD9gL.jpg,0
599,aDi9fbfovp.jpeg,1
600,vmKQgidDXs.jpeg,1
601,sXGndwPuDN.jpg,0
602,stnTly7c5e.png,1
603,g0dZSTRkIf.jpg,0
604,4N2MbadieU.jpg,0
605,jsDgSkC2Jk.png,1
606,evWFIBteCG.png,1
607,ccjq0w53qV.png,1
608,EvgznbBrTi.jpeg,1
609,Y23lGLBtsM.jpg,0
610,1OukPqgXmV.jpg,0
611,Sdl7CnLLg4.png,1
612,vbKCzNzfnU.jpg,0
613,EuyYZ45GZo.jpeg,1
614,WidO7SI2rb.png,1
615,COOgbwqwai.jpg,0
616,ZndZX7r4PF.jpeg,1
617,q5VmrSOTMG.jpg,0
618,Ky7mmW6MRh.jpg,0
619,M3JaPeYF09.jpg,0
620,FXi7ZuLayj.png,1
621,wDQeBKRNHS.jpg,0
622,TrNqz5ZWHk.jpeg,1
623,uDsZd5MkPi.jpg,0
624,wOPwFzuhwy.jpg,0
625,4A2ONNIbwV.jpg,0
626,GtnsC1dIPG.jpeg,1
627,xccso6L2oU.jpg,0
628,aY5jOLSJ8F.jpeg,1
629,t0ALW3uGB4.png,1
630,LMDf0hlvgK.jpg,0
631,l0xpKY1T0C.jpg,0
632,FUnsyyefvB.jpg,0
633,Ieu7Uk7kXL.png,1
634,pNKX256vBV.jpg,0
635,1ze3A5DKZC.jpg,0
636,y7r1HM1K7T.jpg,0
637,ktjNsAiHpS.jpg,0
638,bE0hEOL8pP.jpeg,1
639,0p23ZQ2EJF.jpg,0
640,xpg1dDlYfm.jpg,0
641,o0aDQrUcUT.jpeg,1
642,BAlIxpkC8B.jpeg,1
643,NPX92Sw9pg.jpeg,1
644,CDfxQRTDyR.jpeg,1
645,paKEDsI1Tt.png,1
646,dwdrVc5Uqa.jpg,0
647,UjFlMCLHzc.png,1
648,loj8eP7NHA.jpg,0
649,opqMHZzgyY.jpg,0
650,S3UUtHJB6Q.png,1
651,D2slt7OCFq.png,1
652,W0ype6ZFgW.png,1
653,VDz8gpRzJh.png,1
654,spBVoJtawY.jpg,0
655,2btANBozTA.jpg,0
656,hrWI17YEhx.jpeg,1
657,Ck48X4GgT6.jpeg,1
658,w1BdaGwIz9.png,1
659,tb44I4sRV6.jpg,0
660,Z6Eg0yXNzB.jpg,0
661,HZbwaJPieG.jpg,0
662,ybYLDGKbgT.png,1
663,0XXH9LDP1C.jpg,0
664,zWwkkAVNJp.png,1
665,tgC44SAhoh.jpg,0
666,NsbaZWRe1Y.jpg,0
667,LG8G13p0RZ.jpg,0
668,sfsxuCTDed.jpeg,1
669,fwGN0ZHrJq.png,1
670,Esz8vdw7Ln.jpg,0
671,h4t2qJl8ZZ.jpg,0
672,MrsioquKwE.jpg,0
673,0gbbtcW2lP.jpg,0
674,dd0HhEDrcT.jpg,0
675,nUWmQN065l.jpg,0
676,mZxW0sXDiR.png,1
677,XM2hZQpQZK.jpg,0
678,nRmQTccWX9.jpg,0
679,PNMuZvXKRl.jpeg,1
680,Pn5wWrTBAk.jpg,0
681,D7LY2RHjVg.jpg,0
682,2AzXYu2TvU.jpg,0
683,pkC1LnBSJU.jpg,0
684,neyZHm8fLU.png,1
685,CJJ5WO9GJi.png,1
686,UIZ0lKSdkU.jpg,0
687,yXjmdzSc9k.jpg,0
688,l0LDLTYuqp.jpg,0
689,3KsKJ5p8Ae.jpg,0
690,U5twC396f9.jpg,0
691,cnNJi23eLr.jpg,0
692,TPxOOamLkg.jpeg,1
693,6JNGnsK1pf.jpeg,1
694,o91gyXlxU9.png,1
695,qPUj0qz1BT.png,1
696,o95RZ7Wm36.jpeg,1
697,1zsg805kTT.jpg,0
698,KekmYbGRDK.jpg,0
699,GwBuLBZ4qz.jpg,0
700,q9t6Rg1lVa.png,1
701,g9et74AXN0.jpg,0
702,lxotXgwg87.jpg,0
703,zzOWcilH1B.jpg,0
704,glpxwjSnFy.jpeg,1
705,5OLEMF4MKK.jpg,0
706,NsTS1RiPsL.jpg,0
707,SWv7l11NPR.jpg,0
708,CcOHchY1M1.jpg,0
709,Xh11iYy7nj.jpg,0
710,HzVnNHaez5.jpeg,1
711,QaKVldBZL5.jpg,0
712,779rgX9DUO.jpg,0
713,dF53CJ3grq.jpg,0
714,ixaZ1KSK65.png,1
715,HgGotgQ2fn.png,1
716,yOdi3ezgoC.jpg,0
717,FuVXGliqg1.png,1
718,U6jj9sNJLI.jpg,0
719,Lid0LuiWiw.jpeg,1
720,Oh3wLH8WlE.jpeg,1
721,PVIm8Nqmi3.jpg,0
722,fmfARPFL4d.png,1
723,EYiAJ0kqN3.jpg,0
724,Na9Iaixcmz.png,1
725,5BHBr8uQmi.jpg,0
726,wAHTpojx09.jpg,0
727,6dHVCgN4mZ.jpg,0
728,6XAHaOcx08.jpg,0
729,IJRlDK47kJ.jpeg,1
730,6gDzgHnfEr.jpg,0
731,exoYLWJiSX.jpg,0
732,DSThNiuGVc.png,1
733,MHSOjr7dYJ.jpg,0
734,MZNLYUxh7N.jpg,0
735,N8ByWFfx40.jpeg,1
736,dG8E3nEAAn.jpg,0
737,wnAu8nEk6O.png,1
738,VkuPDBtZ7L.jpg,0
739,CDw5CxAk2a.jpeg,1
740,PslIQaYCtM.jpg,0
741,l5j77H6VTz.jpg,0
742,Z8V8anpuZg.jpeg,1
743,F3wRJaew5B.jpg,0
744,MOdhXn9FTW.jpeg,1
745,ZTVQ9l5B7E.jpeg,1
746,Uo2zzuFqMf.png,1
747,tXU4Krg543.jpg,0
748,GY1ZAu8E49.png,1
749,MFqZg6o9Jr.png,1
750,vJnYLa7uzC.jpg,0
751,dPa8MynHF8.jpg,0
752,Prvlqrloe5.jpeg,1
753,rMnUsF85Uf.jpeg,1
754,dwW8s73vlr.jpg,0
755,yXApLKwCpS.jpeg,1
756,PFDZcCv9Ku.jpg,0
757,ojabW4V4cU.jpg,0
758,zvPH6cadBG.jpg,0
759,hF1vM2Z5Ya.jpg,0
760,X2knsXM9q5.jpg,0
761,wawVNR4oem.png,1
762,yZvDytyDGb.jpeg,1
763,FOsftRa2at.jpeg,1
764,EFlTRE3D25.jpg,0
765,7b5P7M7xNH.jpg,0
766,y7JjalA9HD.jpg,0
767,dTW5Jn1Jep.png,1
768,mIVDg2EgiV.jpg,0
769,DNOhXumgsx.png,1
770,lof4NbwZ27.jpg,0
771,EcddhOUJfv.jpg,0
772,FnKRzAyJqj.jpg,0
773,T5Ar4tqKgo.jpg,0
774,ukeK5xjR71.jpg,0
775,cOxrWAp8zD.jpg,0
776,o94AMI5DsG.jpeg,1
777,IADvIOGZtv.jpeg,1
778,xFloFPgcNV.jpg,0
779,gQiLfIOa22.jpg,0
780,3hjOXmoucd.jpg,0
781,VQ7b5VWu6d.png,1
782,Z6IB8ApQkY.jpg,0
783,sx5Abr70yQ.jpeg,1
784,WjuPTzpJpu.png,1
785,CTBs4Jvx3J.jpg,0
786,CKs3UEvhtJ.jpg,0
787,tUovjFM2vn.jpeg,1
788,DwcuG33Ss5.jpg,0
789,pv1NcwlS2f.png,1
790,3pVSKPDJkR.jpg,0
791,z2Ti2mL2g9.jpg,0
792,56k6vQGkoU.jpeg,1
793,l8Wtj4DGAi.jpg,0
794,exGhKvLHsb.jpg,0
795,zqPOby7BhY.jpg,0
796,vTzdG1nRc9.jpg,0
797,YNtRBheVoQ.jpg,0
798,2qMbgeLRkq.jpg,0
799,CqeOg53NLs.jpg,0
800,c67ESDTplH.jpeg,1
801,5UEij0fD7M.jpg,0
802,iiaGwIyRet.png,1
803,iKe2mhYGX1.png,1
804,1EkEeqlGtK.png,1
805,LGbhsd0OxW.jpg,0
806,y5MKjpbOzM.jpeg,1
807,QKNFL7kqUz.png,1
808,cPPJp9sy8R.jpg,0
809,l0PIc3zi5m.jpg,0
810,uzUopyAj4L.jpg,0
811,l2jN03h9JX.jpeg,1
812,ke4NU81d70.jpg,0
813,KV6DkDeooX.jpg,0
814,XDTmOfqATK.jpg,0
815,wEUP2or7RP.jpg,0
816,mjtD6kiGK6.jpg,0
817,fQkGDiu57V.jpg,0
818,V0vydmjPqE.jpg,0
819,XkTlI8pHAf.jpg,0
820,6m1HOwy61X.jpg,0
821,R4eM0Fan8G.jpeg,1
822,xJQOAtji6D.jpg,0
823,4qTpSGE9ea.jpeg,1
824,oSwoJWkOpW.jpg,0
825,GTntk3bZNR.png,1
826,pkT2xzMyHd.jpg,0
827,fFuzHgZXoU.jpeg,1
828,IbVHYOus3N.jpeg,1
829,5lo0X2BxVs.jpg,0
830,LVJka7br0Y.jpg,0
831,Z20qjHpxSm.jpg,0
832,kHrrILtrVh.jpg,0
833,zbKUJmcogp.jpg,0
834,4Xe16xWESW.jpg,0
835,yTBFUappae.jpg,0
836,W1IqPlGjVu.jpg,0
837,q4VC1YTUtZ.png,1
838,mVLZ3DNBIB.jpg,0
839,tzbqbfhZ24.jpg,0
840,h8ftnywbzf.png,1
841,Hq7BCrTco7.png,1
842,XtO2lirngs.jpg,0
843,giIA8ON3xD.jpg,0
844,U1x8LfHISh.jpg,0
845,dKM0fJbQh6.jpg,0
846,p568n1LSDH.png,1
847,UVkBsY9lF9.jpg,0
848,Y51jRsRtz0.jpeg,1
849,fdkmeF7Bot.png,1
850,GGNJGXJr3C.jpg,0
851,6oZMBwgraz.jpeg,1
852,KcF54OlWy6.jpeg,1
853,Dd2PuFcdTh.jpg,0
854,v5xBfwxSaM.jpg,0
855,GUYfE6VcV9.jpg,0
856,T0SBOgNM8k.jpg,0
857,3l1vMfoiFP.jpg,0
858,cIDdlmPVJZ.jpeg,1
859,WJIoWKfHPe.jpg,0
860,K2L87w9Z0j.jpeg,1
861,EcZf31BpeO.jpg,0
862,fGxTW1I3sr.jpg,0
863,KUl5yWxIqD.jpg,0
864,v5meeRf65i.jpg,0
865,V1ySs73ruH.jpg,0
866,szw91TvQcH.jpg,0
867,U8Ul634UTU.jpeg,1
868,lQCIBOYJQp.jpg,0
869,kDv2RX232o.jpg,0
870,PfvmwyQh26.jpg,0
871,PszpR5VdTy.jpg,0
872,oMATcRYDa8.jpg,0
873,0xvbLyG0L2.png,1
874,1SbKsroxJB.jpg,0
875,SZEtwSyzxA.jpg,0
876,n1Zg3hcHx9.jpg,0
877,r8D4xfKWw1.jpeg,1
878,ukviRKvx5k.jpg,0
879,HXKXONqX6P.png,1
880,QMee73dL2W.jpg,0
881,M4iETy4TVv.jpg,0
882,gjqIwrjNq3.jpg,0
883,L8hTvELTRU.jpg,0
884,ZMFZBjNDmu.jpeg,1
885,Oi8IeVnxeP.jpg,0
886,5KMVaATiNO.jpeg,1
887,obsPopKS20.jpg,0
888,Le0UOVOf41.jpg,0
889,UypWbpyh6G.jpg,0
890,MnPWc4WvkW.jpg,0
891,wN2uwBA9lo.jpg,0
892,oMjSqFhrcP.jpg,0
893,ofiniSvJgd.png,1
894,TyJolFVTEp.jpg,0
895,xIhNw9dAFN.jpg,0
896,xaLT1anHK3.png,1
897,cwgRiMhQv4.jpg,0
898,Gr75QWtsCR.jpg,0
899,grBNDbA0Lf.png,1
900,kM4nBorZXr.jpeg,1
901,Bz9RPbGAPC.jpeg,1
902,f9TyKFbNKI.jpg,0
903,O0ujPEaFzA.jpg,0
904,DIs3aCr0LZ.png,1
905,EWDklDZvIW.jpeg,1
906,Aq3vdt4cIe.jpg,0
907,0tgKOJ2YcL.jpg,0
908,hNuTmRMco6.jpeg,1
909,zkQZTIwPu7.jpg,0
910,ukw2yCmgGK.jpg,0
911,PIEjjgQrr7.jpg,0
912,wECx4jTch5.jpg,0
913,SoAtaAV8yp.jpg,0
914,msQKOQJ2Kn.jpg,0
915,ErrxZIPAF4.jpg,0
916,sVtvnZoKqc.png,1
917,G8anuBbbST.jpg,0
918,2ap0mXNKe7.jpeg,1
919,iXYJUSH6uo.jpeg,1
920,yN9HCAYsJ9.jpeg,1
921,qMHnBrvHss.jpg,0
922,O0g5Ndd49N.jpg,0
923,Ojq0H0Wsjy.jpg,0
924,gU0szCOXv8.jpg,0
925,CO6z95YVg1.jpg,0
926,spjDqEULXK.jpg,0
927,LvZh7WPtze.png,1
928,noKeCJSBpq.png,1
929,zB2eqtcAiN.jpeg,1
930,dwWp9wUeWR.jpg,0
931,KhgKPv8fZ6.jpg,0
932,NKQzSdzCcJ.jpg,0
933,V0gAZ20woX.jpg,0
934,OUhMvnCimW.jpg,0
935,bk1fxbggAO.png,1
936,3lWaEJWKUW.jpg,0
937,vbwUxS8EX7.jpg,0
938,FJr5SkhcLk.jpg,0
939,6F4zUTfObg.jpg,0
940,THSjvgUaeT.jpg,0
941,w6ZbSXlW6m.jpg,0
942,PLNFvDoGCP.jpg,0
943,0IE6GFg13M.jpg,0
944,m0PYpWq2HM.jpg,0
945,yzvnxkrzQr.jpg,0
946,TxX6S6SuyF.jpg,0
947,qtt7tT2dJb.jpeg,1
948,eraHLNPc3p.jpg,0
949,gmuy5DY56U.png,1
950,THaBuPtzOC.jpg,0
951,WCJPeZJVJc.jpeg,1
952,4djFeBIBuV.jpg,0
953,LtlVFBRtAg.jpg,0
954,Ta1gMZVOCU.jpg,0
955,qZuoaLTWlB.jpeg,1
956,uIh17y1b41.jpeg,1
957,lVacX6CajA.jpg,0
958,nLR26mBEaO.jpg,0
959,0aj2WnLarN.jpg,0
960,1pk6ENWNVj.jpg,0
961,0a1KuiILS4.jpg,0
962,uoM0vrwig0.png,1
963,TuOgaJkenX.jpg,0
964,yqnIz7ixRR.jpg,0
965,VjdNRoLj9s.jpg,0
966,IAEfocxIyV.jpeg,1
967,5Aq3FsM9oY.jpg,0
968,cBKqDeXCYK.png,1
969,L4zcFLLzpO.jpg,0
970,VgN9HsbES0.jpg,0
971,PVqAFeoXcj.jpg,0
972,hZSQb2yPyZ.jpeg,1
973,01a7MiLURN.jpg,0
974,ilN2I566Wc.png,1
975,XMgZwLRrT0.jpg,0
976,4DeuZpVM3V.jpeg,1
977,GhGndMUiX8.jpg,0
978,3uRRhTuq3F.jpg,0
979,jULc836c7l.jpeg,1
980,WSRN7leXVe.jpg,0
981,nGVDwwAZzb.png,1
982,xv8p3AF6xY.jpg,0
983,lxGLWlyFHR.jpg,0
984,n8lZoBzS4M.jpeg,1
985,dPZhfT5WAE.jpg,0
986,yXwOyCZ4ra.jpg,0
987,eYnEEho0cl.jpeg,1
988,linasecRgv.jpg,0
989,VNIxFwqAx1.jpg,0
990,CTSKxO4X9t.jpg,0
991,VtDKOGtgdf.jpg,0
992,LPyTEdrGxc.jpg,0
993,vpAXmpIAOz.jpg,0
994,zSKnRLLLa9.jpg,0
995,lys4oq74h4.jpg,0
996,t7PMnBPLJN.jpg,0
997,PLAHaBiPNt.jpg,0
998,TQJWdgSwe9.jpeg,1
999,NYOMKoX0pw.png,1
1000,O8CO8x6gFr.jpeg,1
1001,mKbuw6UZuK.png,1
1002,CFFl0UqfAi.jpg,0
1003,YDhCcUuyLk.jpg,0
1004,5WU9zzvTQA.png,1
1005,VgQtreVJVw.jpg,0
1006,5vu47nrtFa.jpg,0
1007,fqoVycdxLV.png,1
1008,TN2ZOiNI5e.jpg,0
1009,2WMWt6CAWQ.jpg,0
1010,fQCY5n2vcF.jpg,0
1011,Q9JbpjHZVU.png,1
